scene_id,sensor,platform,level,aoi,tile_or_pathrow,datetime,cloud_cover,source,download_status,l1_path,l1_deleted,acolite_status,product_set,l2w_path,l2w_size_mb,attempts,error,updated_at
S2A_MSIL1C_20260828T145751_N0512_R039_T19QHV_20260829T010322.SAFE,S2,S2A,L1C,pr_main_east,,,,CDSE,done,/Volumes/Ray_SSD/EMC/Projects/Satellite_Pipeline/S2/L1C/S2A_MSIL1C_20260828T145751_N0512_R039_T19QHV_20260829T010322.SAFE,False,,,,,3,,2026-08-31T16:53:20Z
S2C_MSIL1C_20260809T150721_N0512_R082_T20QKE_20260809T183127.SAFE,S2,S2C,L1C,pr_main_east,,,,CDSE,done,/Volumes/Ray_SSD/EMC/Projects/Satellite_Pipeline/S2/L1C/S2C_MSIL1C_20260809T150721_N0512_R082_T20QKE_20260809T183127.SAFE,False,,,,,3,,2026-08-31T17:05:23Z
S2A_MSIL1C_20260828T145751_N0512_R039_T19QHA_20260829T010322.SAFE,S2,S2A,L1C,pr_main_east,,,,CDSE,done,/Volumes/Ray_SSD/EMC/Projects/Satellite_Pipeline/S2/L1C/S2A_MSIL1C_20260828T145751_N0512_R039_T19QHA_20260829T010322.SAFE,False,,,,,3,,2026-08-31T17:13:01Z
S2B_MSIL1C_20260804T150719_N0512_R082_T20QKE_20260804T182348.SAFE,S2,S2B,L1C,pr_main_east,,,,CDSE,done,/Volumes/Ray_SSD/EMC/Projects/Satellite_Pipeline/S2/L1C/S2B_MSIL1C_20260804T150719_N0512_R082_T20QKE_20260804T182348.SAFE,False,,,,,3,,2026-08-31T17:27:06Z
S2C_MSIL1C_20260809T150721_N0512_R082_T19QHV_20260809T183127.SAFE,S2,S2C,L1C,pr_main_east,,,,CDSE,done,/Volumes/Ray_SSD/EMC/Projects/Satellite_Pipeline/S2/L1C/S2C_MSIL1C_20260809T150721_N0512_R082_T19QHV_20260809T183127.SAFE,False,,,,,3,,2026-08-31T17:49:45Z
S2C_MSIL1C_20260809T150721_N0512_R082_T19QHA_20260809T183127.SAFE,S2,S2C,L1C,pr_main_east,,,,CDSE,done,/Volumes/Ray_SSD/EMC/Projects/Satellite_Pipeline/S2/L1C/S2C_MSIL1C_20260809T150721_N0512_R082_T19QHA_20260809T183127.SAFE,False,,,,,3,,2026-08-31T18:11:31Z
S2C_MSIL1C_20260809T150721_N0512_R082_T19QGV_20260809T183127.SAFE,S2,S2C,L1C,pr_main_east,,,,CDSE,failed,,,,,,,3,"ChunkedEncodingError: (""Connection broken: ConnectionResetError(54, 'Connection reset by peer')"", ConnectionResetError(54, 'Connection reset by peer'))",2026-08-31T18:18:28Z
S2A_MSIL1C_20260808T145751_N0512_R039_T19QHV_20260808T231233.SAFE,S2,S2A,L1C,pr_main_east,,,,CDSE,done,/Volumes/Ray_SSD/EMC/Projects/Satellite_Pipeline/S2/L1C/S2A_MSIL1C_20260808T145751_N0512_R039_T19QHV_20260808T231233.SAFE,False,,,,,3,,2026-08-31T18:36:49Z
S2B_MSIL1C_20260804T150719_N0512_R082_T19QGV_20260804T182348.SAFE,S2,S2B,L1C,pr_main_east,,,,CDSE,done,/Volumes/Ray_SSD/EMC/Projects/Satellite_Pipeline/S2/L1C/S2B_MSIL1C_20260804T150719_N0512_R082_T19QGV_20260804T182348.SAFE,False,,,,,3,,2026-08-31T18:55:09Z
S2B_MSIL1C_20260804T150719_N0512_R082_T20QKF_20260804T182348.SAFE,S2,S2B,L1C,pr_main_east,,,,CDSE,done,/Volumes/Ray_SSD/EMC/Projects/Satellite_Pipeline/S2/L1C/S2B_MSIL1C_20260804T150719_N0512_R082_T20QKF_20260804T182348.SAFE,False,,,,,3,,2026-08-31T19:07:40Z
S2A_MSIL1C_20260808T145751_N0512_R039_T20QKF_20260808T231233.SAFE,S2,S2A,L1C,pr_main_east,,,,CDSE,done,/Volumes/Ray_SSD/EMC/Projects/Satellite_Pipeline/S2/L1C/S2A_MSIL1C_20260808T145751_N0512_R039_T20QKF_20260808T231233.SAFE,False,,,,,3,,2026-08-31T19:18:20Z
S2B_MSIL1C_20260824T150719_N0512_R082_T19QHV_20260824T183226.SAFE,S2,S2B,L1C,pr_main_east,,,,CDSE,done,/Volumes/Ray_SSD/EMC/Projects/Satellite_Pipeline/S2/L1C/S2B_MSIL1C_20260824T150719_N0512_R082_T19QHV_20260824T183226.SAFE,False,,,,,3,,2026-08-31T19:32:42Z
S2B_MSIL1C_20260824T150719_N0512_R082_T19QGV_20260824T183226.SAFE,S2,S2B,L1C,pr_main_east,,,,CDSE,done,/Volumes/Ray_SSD/EMC/Projects/Satellite_Pipeline/S2/L1C/S2B_MSIL1C_20260824T150719_N0512_R082_T19QGV_20260824T183226.SAFE,False,,,,,3,,2026-08-31T19:52:16Z
S2B_MSIL1C_20260804T150719_N0512_R082_T19QHA_20260804T182348.SAFE,S2,S2B,L1C,pr_main_east,,,,CDSE,done,/Volumes/Ray_SSD/EMC/Projects/Satellite_Pipeline/S2/L1C/S2B_MSIL1C_20260804T150719_N0512_R082_T19QHA_20260804T182348.SAFE,False,,,,,3,,2026-08-31T20:13:48Z
S2C_MSIL1C_20260809T150721_N0512_R082_T20QKF_20260809T183127.SAFE,S2,S2C,L1C,pr_main_east,,,,CDSE,done,/Volumes/Ray_SSD/EMC/Projects/Satellite_Pipeline/S2/L1C/S2C_MSIL1C_20260809T150721_N0512_R082_T20QKF_20260809T183127.SAFE,False,,,,,3,,2026-08-31T20:27:38Z
S2C_MSIL1C_20260826T145721_N0512_R039_T19QHA_20260826T181742.SAFE,S2,S2C,L1C,pr_main_east,,2026-08-26T14:57:21Z,,CDSE,done,/Volumes/Ray_SSD/EMC/Projects/Satellite_Pipeline/S2/L1C/S2C_MSIL1C_20260826T145721_N0512_R039_T19QHA_20260826T181742.SAFE,False,,,,,3,,2026-09-01T20:43:21Z
S2C_MSIL1C_20260826T145721_N0512_R039_T19QHV_20260826T181742.SAFE,S2,S2C,L1C,pr_main_east,,2026-08-26T14:57:21Z,,CDSE,done,/Volumes/Ray_SSD/EMC/Projects/Satellite_Pipeline/S2/L1C/S2C_MSIL1C_20260826T145721_N0512_R039_T19QHV_20260826T181742.SAFE,False,,,,,3,,2026-09-01T20:46:13Z
S2C_MSIL1C_20260826T145721_N0512_R039_T20QKF_20260826T181742.SAFE,S2,S2C,L1C,pr_main_east,,2026-08-26T14:57:21Z,,CDSE,done,/Volumes/Ray_SSD/EMC/Projects/Satellite_Pipeline/S2/L1C/S2C_MSIL1C_20260826T145721_N0512_R039_T20QKF_20260826T181742.SAFE,False,,,,,3,,2026-09-01T20:49:35Z
S2C_MSIL1C_20260826T145721_N0512_R039_T20QKE_20260826T181742.SAFE,S2,S2C,L1C,pr_main_east,,2026-08-26T14:57:21Z,,CDSE,done,/Volumes/Ray_SSD/EMC/Projects/Satellite_Pipeline/S2/L1C/S2C_MSIL1C_20260826T145721_N0512_R039_T20QKE_20260826T181742.SAFE,False,,,,,3,,2026-09-01T20:53:26Z
LC09_L1TP_004047_20260826_20260826_02_T1,L89,LC09,L1,pr_main_east,,2026-08-26,,EarthExplorer,done,/Volumes/Ray_SSD/EMC/Projects/Satellite_Pipeline/L89/L1/LC09_L1TP_004047_20260826_20260826_02_T1,False,,,,,3,,2026-09-01T21:41:01Z
LC09_L1TP_004048_20260826_20260826_02_T1,L89,LC09,L1,pr_main_east,,2026-08-26,,EarthExplorer,done,/Volumes/Ray_SSD/EMC/Projects/Satellite_Pipeline/L89/L1/LC09_L1TP_004048_20260826_20260826_02_T1,False,,,,,3,,2026-09-01T22:10:13Z
LC08_L1TP_005047_20260825_20260825_02_RT,L89,LC08,L1,pr_main_east,,2026-08-25,,EarthExplorer,done,/Volumes/Ray_SSD/EMC/Projects/Satellite_Pipeline/L89/L1/LC08_L1TP_005047_20260825_20260825_02_RT,False,,,,,3,,2026-09-01T22:22:55Z
LC08_L1TP_005048_20260825_20260825_02_RT,L89,LC08,L1,pr_main_east,,2026-08-25,,EarthExplorer,done,/Volumes/Ray_SSD/EMC/Projects/Satellite_Pipeline/L89/L1/LC08_L1TP_005048_20260825_20260825_02_RT,False,,,,,3,,2026-09-01T22:35:02Z
